image_id,split,subset,target_present,target_class,distractor_classes,background_source,foreground_asset_source,background_type,background_path,background_filename,object_size_px,distance_bin,gaussian_noise_sigma,blur_level,contrast_level,lighting,difficulty,target_bbox,target_asset_id,distractor_bboxes,distractor_asset_ids,pasted_object_summary,bbox,asset_id,seed,foreground_asset_path,foreground_asset_id,foreground_source_dataset,generation_seed,background_id,background_category,drone_present,drone_asset_id,drone_bbox_x,drone_bbox_y,drone_bbox_w,drone_bbox_h,drone_size_px,distractor_present,distractor_type,distractor_asset_id,distractor_bbox_x,distractor_bbox_y,distractor_bbox_w,distractor_bbox_h,distractor_size_px,noise_sigma,blur_type,blur_strength,image_path,label_path,placement_mode,placement_region_x_min,placement_region_x_max,placement_region_y_min,placement_region_y_max,drone_center_x,drone_center_y,distractor_center_x,distractor_center_y,drone_distractor_iou,placement_attempts,split_name
img_002865.png,full_curated_v1,synthetic_distractor_only,False,none,"[""bird""]",manual_curated,processed,sky_with_natural_landscape,C:\Users\micha\Documents\studies\Masters\practical generative ai for images and audio\project\project_implementation\Synthetic Stress Testing for Skyborne Drone Identification\data\processed\backgrounds_sky_approved\images\Places365_val_00000453.jpg,Places365_val_00000453.jpg,30,mid,20,mild,normal,day,hard,[],,"[[397, 198, 30, 21]]","[""bird_BirdsFlying_266_jpg.rf.5291053f9d184b99532a2e78efd260d3""]",distractor:bird:bird_BirdsFlying_266_jpg.rf.5291053f9d184b99532a2e78efd260d3,"[397, 198, 30, 21]",bird_BirdsFlying_266_jpg.rf.5291053f9d184b99532a2e78efd260d3,2906,,,,2906,Places365_val_00000453,sky_with_natural_landscape,False,,,,,,,True,bird,bird_BirdsFlying_266_jpg.rf.5291053f9d184b99532a2e78efd260d3,397.0,198.0,30.0,21.0,30.0,20,mild,3,C:\Users\micha\Documents\studies\Masters\practical generative ai for images and audio\project\project_implementation\Synthetic Stress Testing for Skyborne Drone Identification\data\synthetic\full_curated_v1\images\img_002865.png,C:\Users\micha\Documents\studies\Masters\practical generative ai for images and audio\project\project_implementation\Synthetic Stress Testing for Skyborne Drone Identification\data\synthetic\full_curated_v1\labels\img_002865.txt,upper_sky,0.05,0.95,0.03,0.55,,,412.0,208.5,,1,train
img_002270.png,full_curated_v1,synthetic_distractor_only,False,none,"[""airplane""]",manual_curated,processed,cloudy_sky,C:\Users\micha\Documents\studies\Masters\practical generative ai for images and audio\project\project_implementation\Synthetic Stress Testing for Skyborne Drone Identification\data\processed\backgrounds_sky_approved\images\Places365_val_00000408.jpg,Places365_val_00000408.jpg,100,near,10,mild,normal,day,medium,[],,"[[332, 10, 100, 26]]","[""airplane_TF_PLANE_1402""]",distractor:airplane:airplane_TF_PLANE_1402,"[332, 10, 100, 26]",airplane_TF_PLANE_1402,2311,,,,2311,Places365_val_00000408,cloudy_sky,False,,,,,,,True,airplane,airplane_TF_PLANE_1402,332.0,10.0,100.0,26.0,100.0,10,mild,3,C:\Users\micha\Documents\studies\Masters\practical generative ai for images and audio\project\project_implementation\Synthetic Stress Testing for Skyborne Drone Identification\data\synthetic\full_curated_v1\images\img_002270.png,C:\Users\micha\Documents\studies\Masters\practical generative ai for images and audio\project\project_implementation\Synthetic Stress Testing for Skyborne Drone Identification\data\synthetic\full_curated_v1\labels\img_002270.txt,upper_sky,0.05,0.95,0.03,0.55,,,382.0,23.0,,1,train
img_001232.png,full_curated_v1,synthetic_distractor_only,False,none,"[""airplane""]",manual_curated,processed,sky_with_natural_landscape,C:\Users\micha\Documents\studies\Masters\practical generative ai for images and audio\project\project_implementation\Synthetic Stress Testing for Skyborne Drone Identification\data\processed\backgrounds_sky_approved\images\Places365_val_00001355.jpg,Places365_val_00001355.jpg,15,far,10,mild,normal,day,hard,[],,"[[549, 278, 15, 4]]","[""airplane_TF_PLANE_3770""]",distractor:airplane:airplane_TF_PLANE_3770,"[549, 278, 15, 4]",airplane_TF_PLANE_3770,1273,,,,1273,Places365_val_00001355,sky_with_natural_landscape,False,,,,,,,True,airplane,airplane_TF_PLANE_3770,549.0,278.0,15.0,4.0,15.0,10,mild,3,C:\Users\micha\Documents\studies\Masters\practical generative ai for images and audio\project\project_implementation\Synthetic Stress Testing for Skyborne Drone Identification\data\synthetic\full_curated_v1\images\img_001232.png,C:\Users\micha\Documents\studies\Masters\practical generative ai for images and audio\project\project_implementation\Synthetic Stress Testing for Skyborne Drone Identification\data\synthetic\full_curated_v1\labels\img_001232.txt,upper_sky,0.05,0.95,0.03,0.55,,,556.5,280.0,,1,train
img_002105.png,full_curated_v1,synthetic_distractor_only,False,none,"[""airplane""]",manual_curated,processed,sky_with_built_environment,C:\Users\micha\Documents\studies\Masters\practical generative ai for images and audio\project\project_implementation\Synthetic Stress Testing for Skyborne Drone Identification\data\processed\backgrounds_sky_approved\images\Places365_val_00001367.jpg,Places365_val_00001367.jpg,30,mid,10,mild,normal,day,medium,[],,"[[487, 162, 30, 10]]","[""airplane_TF_PLANE_1833""]",distractor:airplane:airplane_TF_PLANE_1833,"[487, 162, 30, 10]",airplane_TF_PLANE_1833,2146,,,,2146,Places365_val_00001367,sky_with_built_environment,False,,,,,,,True,airplane,airplane_TF_PLANE_1833,487.0,162.0,30.0,10.0,30.0,10,mild,3,C:\Users\micha\Documents\studies\Masters\practical generative ai for images and audio\project\project_implementation\Synthetic Stress Testing for Skyborne Drone Identification\data\synthetic\full_curated_v1\images\img_002105.png,C:\Users\micha\Documents\studies\Masters\practical generative ai for images and audio\project\project_implementation\Synthetic Stress Testing for Skyborne Drone Identification\data\synthetic\full_curated_v1\labels\img_002105.txt,upper_sky,0.05,0.95,0.03,0.55,,,502.0,167.0,,1,train
img_000197.png,full_curated_v1,synthetic_distractor_only,False,none,"[""bird""]",manual_curated,processed,sky_with_natural_landscape,C:\Users\micha\Documents\studies\Masters\practical generative ai for images and audio\project\project_implementation\Synthetic Stress Testing for Skyborne Drone Identification\data\processed\backgrounds_sky_approved\images\Places365_val_00001052.jpg,Places365_val_00001052.jpg,8,very_far,10,mild,normal,day,hard,[],,"[[95, 63, 8, 4]]","[""bird_bbb-20-_png_jpg.rf.befdd05bf0112adcb5e3a58cb605d541""]",distractor:bird:bird_bbb-20-_png_jpg.rf.befdd05bf0112adcb5e3a58cb605d541,"[95, 63, 8, 4]",bird_bbb-20-_png_jpg.rf.befdd05bf0112adcb5e3a58cb605d541,238,,,,238,Places365_val_00001052,sky_with_natural_landscape,False,,,,,,,True,bird,bird_bbb-20-_png_jpg.rf.befdd05bf0112adcb5e3a58cb605d541,95.0,63.0,8.0,4.0,8.0,10,mild,3,C:\Users\micha\Documents\studies\Masters\practical generative ai for images and audio\project\project_implementation\Synthetic Stress Testing for Skyborne Drone Identification\data\synthetic\full_curated_v1\images\img_000197.png,C:\Users\micha\Documents\studies\Masters\practical generative ai for images and audio\project\project_implementation\Synthetic Stress Testing for Skyborne Drone Identification\data\synthetic\full_curated_v1\labels\img_000197.txt,upper_sky,0.05,0.95,0.03,0.55,,,99.0,65.0,,1,train
img_002773.png,full_curated_v1,synthetic_distractor_only,False,none,"[""bird""]",manual_curated,processed,cloudy_sky,C:\Users\micha\Documents\studies\Masters\practical generative ai for images and audio\project\project_implementation\Synthetic Stress Testing for Skyborne Drone Identification\data\processed\backgrounds_sky_approved\images\Places365_val_00000967.jpg,Places365_val_00000967.jpg,60,near,10,none,normal,day,easy,[],,"[[369, 9, 60, 36]]","[""bird_BirdsFlying_143_jpg.rf.b9206e4359ff3b0d014588e83a92b70c""]",distractor:bird:bird_BirdsFlying_143_jpg.rf.b9206e4359ff3b0d014588e83a92b70c,"[369, 9, 60, 36]",bird_BirdsFlying_143_jpg.rf.b9206e4359ff3b0d014588e83a92b70c,2814,,,,2814,Places365_val_00000967,cloudy_sky,False,,,,,,,True,bird,bird_BirdsFlying_143_jpg.rf.b9206e4359ff3b0d014588e83a92b70c,369.0,9.0,60.0,36.0,60.0,10,none,0,C:\Users\micha\Documents\studies\Masters\practical generative ai for images and audio\project\project_implementation\Synthetic Stress Testing for Skyborne Drone Identification\data\synthetic\full_curated_v1\images\img_002773.png,C:\Users\micha\Documents\studies\Masters\practical generative ai for images and audio\project\project_implementation\Synthetic Stress Testing for Skyborne Drone Identification\data\synthetic\full_curated_v1\labels\img_002773.txt,upper_sky,0.05,0.95,0.03,0.55,,,399.0,27.0,,1,train
img_000416.png,full_curated_v1,synthetic_distractor_only,False,none,"[""bird""]",manual_curated,processed,sky_with_natural_landscape,C:\Users\micha\Documents\studies\Masters\practical generative ai for images and audio\project\project_implementation\Synthetic Stress Testing for Skyborne Drone Identification\data\processed\backgrounds_sky_approved\images\Places365_val_00000658.jpg,Places365_val_00000658.jpg,30,mid,0,mild,normal,day,medium,[],,"[[299, 243, 16, 30]]","[""bird_BirdsFlying_137_jpg.rf.7d0250183da3576aff3f01d135c2fc09""]",distractor:bird:bird_BirdsFlying_137_jpg.rf.7d0250183da3576aff3f01d135c2fc09,"[299, 243, 16, 30]",bird_BirdsFlying_137_jpg.rf.7d0250183da3576aff3f01d135c2fc09,457,,,,457,Places365_val_00000658,sky_with_natural_landscape,False,,,,,,,True,bird,bird_BirdsFlying_137_jpg.rf.7d0250183da3576aff3f01d135c2fc09,299.0,243.0,16.0,30.0,30.0,0,mild,3,C:\Users\micha\Documents\studies\Masters\practical generative ai for images and audio\project\project_implementation\Synthetic Stress Testing for Skyborne Drone Identification\data\synthetic\full_curated_v1\images\img_000416.png,C:\Users\micha\Documents\studies\Masters\practical generative ai for images and audio\project\project_implementation\Synthetic Stress Testing for Skyborne Drone Identification\data\synthetic\full_curated_v1\labels\img_000416.txt,upper_sky,0.05,0.95,0.03,0.55,,,307.0,258.0,,1,train
img_002283.png,full_curated_v1,synthetic_distractor_only,False,none,"[""airplane""]",manual_curated,processed,sky_with_built_environment,C:\Users\micha\Documents\studies\Masters\practical generative ai for images and audio\project\project_implementation\Synthetic Stress Testing for Skyborne Drone Identification\data\processed\backgrounds_sky_approved\images\Places365_val_00001460.jpg,Places365_val_00001460.jpg,100,near,20,mild,normal,day,medium,[],,"[[116, 145, 100, 32]]","[""airplane_TF_PLANE_1833""]",distractor:airplane:airplane_TF_PLANE_1833,"[116, 145, 100, 32]",airplane_TF_PLANE_1833,2324,,,,2324,Places365_val_00001460,sky_with_built_environment,False,,,,,,,True,airplane,airplane_TF_PLANE_1833,116.0,145.0,100.0,32.0,100.0,20,mild,3,C:\Users\micha\Documents\studies\Masters\practical generative ai for images and audio\project\project_implementation\Synthetic Stress Testing for Skyborne Drone Identification\data\synthetic\full_curated_v1\images\img_002283.png,C:\Users\micha\Documents\studies\Masters\practical generative ai for images and audio\project\project_implementation\Synthetic Stress Testing for Skyborne Drone Identification\data\synthetic\full_curated_v1\labels\img_002283.txt,upper_sky,0.05,0.95,0.03,0.55,,,166.0,161.0,,1,train
img_001766.png,full_curated_v1,synthetic_distractor_only,False,none,"[""bird""]",manual_curated,processed,clear_upper_sky,C:\Users\micha\Documents\studies\Masters\practical generative ai for images and audio\project\project_implementation\Synthetic Stress Testing for Skyborne Drone Identification\data\processed\backgrounds_sky_approved\images\Places365_val_00000766.jpg,Places365_val_00000766.jpg,15,far,10,none,normal,day,medium,[],,"[[242, 337, 15, 9]]","[""bird_114_jpeg_jpg.rf.900bcc6bd7d4d99f240c8a1a332a7e79""]",distractor:bird:bird_114_jpeg_jpg.rf.900bcc6bd7d4d99f240c8a1a332a7e79,"[242, 337, 15, 9]",bird_114_jpeg_jpg.rf.900bcc6bd7d4d99f240c8a1a332a7e79,1807,,,,1807,Places365_val_00000766,clear_upper_sky,False,,,,,,,True,bird,bird_114_jpeg_jpg.rf.900bcc6bd7d4d99f240c8a1a332a7e79,242.0,337.0,15.0,9.0,15.0,10,none,0,C:\Users\micha\Documents\studies\Masters\practical generative ai for images and audio\project\project_implementation\Synthetic Stress Testing for Skyborne Drone Identification\data\synthetic\full_curated_v1\images\img_001766.png,C:\Users\micha\Documents\studies\Masters\practical generative ai for images and audio\project\project_implementation\Synthetic Stress Testing for Skyborne Drone Identification\data\synthetic\full_curated_v1\labels\img_001766.txt,upper_sky,0.05,0.95,0.03,0.55,,,249.5,341.5,,1,train
img_000462.png,full_curated_v1,synthetic_distractor_only,False,none,"[""bird""]",manual_curated,processed,cloudy_sky,C:\Users\micha\Documents\studies\Masters\practical generative ai for images and audio\project\project_implementation\Synthetic Stress Testing for Skyborne Drone Identification\data\processed\backgrounds_sky_approved\images\Places365_val_00000675.jpg,Places365_val_00000675.jpg,15,far,0,none,normal,day,medium,[],,"[[221, 207, 15, 11]]","[""bird_63_jpeg_jpg.rf.ec06790b0154e420213c41b5ca4de705""]",distractor:bird:bird_63_jpeg_jpg.rf.ec06790b0154e420213c41b5ca4de705,"[221, 207, 15, 11]",bird_63_jpeg_jpg.rf.ec06790b0154e420213c41b5ca4de705,503,,,,503,Places365_val_00000675,cloudy_sky,False,,,,,,,True,bird,bird_63_jpeg_jpg.rf.ec06790b0154e420213c41b5ca4de705,221.0,207.0,15.0,11.0,15.0,0,none,0,C:\Users\micha\Documents\studies\Masters\practical generative ai for images and audio\project\project_implementation\Synthetic Stress Testing for Skyborne Drone Identification\data\synthetic\full_curated_v1\images\img_000462.png,C:\Users\micha\Documents\studies\Masters\practical generative ai for images and audio\project\project_implementation\Synthetic Stress Testing for Skyborne Drone Identification\data\synthetic\full_curated_v1\labels\img_000462.txt,upper_sky,0.05,0.95,0.03,0.55,,,228.5,212.5,,1,train
img_000970.png,full_curated_v1,synthetic_distractor_only,False,none,"[""bird""]",manual_curated,processed,clear_upper_sky,C:\Users\micha\Documents\studies\Masters\practical generative ai for images and audio\project\project_implementation\Synthetic Stress Testing for Skyborne Drone Identification\data\processed\backgrounds_sky_approved\images\Places365_val_00001019.jpg,Places365_val_00001019.jpg,30,mid,20,mild,normal,day,hard,[],,"[[441, 98, 30, 26]]","[""bird_101_jpeg_jpg.rf.27d6814da4a823341dc836782cb9408e""]",distractor:bird:bird_101_jpeg_jpg.rf.27d6814da4a823341dc836782cb9408e,"[441, 98, 30, 26]",bird_101_jpeg_jpg.rf.27d6814da4a823341dc836782cb9408e,1011,,,,1011,Places365_val_00001019,clear_upper_sky,False,,,,,,,True,bird,bird_101_jpeg_jpg.rf.27d6814da4a823341dc836782cb9408e,441.0,98.0,30.0,26.0,30.0,20,mild,3,C:\Users\micha\Documents\studies\Masters\practical generative ai for images and audio\project\project_implementation\Synthetic Stress Testing for Skyborne Drone Identification\data\synthetic\full_curated_v1\images\img_000970.png,C:\Users\micha\Documents\studies\Masters\practical generative ai for images and audio\project\project_implementation\Synthetic Stress Testing for Skyborne Drone Identification\data\synthetic\full_curated_v1\labels\img_000970.txt,upper_sky,0.05,0.95,0.03,0.55,,,456.0,111.0,,1,train
img_002989.png,full_curated_v1,synthetic_distractor_only,False,none,"[""airplane""]",manual_curated,processed,sky_with_natural_landscape,C:\Users\micha\Documents\studies\Masters\practical generative ai for images and audio\project\project_implementation\Synthetic Stress Testing for Skyborne Drone Identification\data\processed\backgrounds_sky_approved\images\Places365_val_00000767.jpg,Places365_val_00000767.jpg,60,near,20,mild,normal,day,medium,[],,"[[93, 25, 60, 16]]","[""airplane_TF_PLANE_6146""]",distractor:airplane:airplane_TF_PLANE_6146,"[93, 25, 60, 16]",airplane_TF_PLANE_6146,3030,,,,3030,Places365_val_00000767,sky_with_natural_landscape,False,,,,,,,True,airplane,airplane_TF_PLANE_6146,93.0,25.0,60.0,16.0,60.0,20,mild,3,C:\Users\micha\Documents\studies\Masters\practical generative ai for images and audio\project\project_implementation\Synthetic Stress Testing for Skyborne Drone Identification\data\synthetic\full_curated_v1\images\img_002989.png,C:\Users\micha\Documents\studies\Masters\practical generative ai for images and audio\project\project_implementation\Synthetic Stress Testing for Skyborne Drone Identification\data\synthetic\full_curated_v1\labels\img_002989.txt,upper_sky,0.05,0.95,0.03,0.55,,,123.0,33.0,,1,train
img_000645.png,full_curated_v1,synthetic_distractor_only,False,none,"[""airplane""]",manual_curated,processed,sky_with_natural_landscape,C:\Users\micha\Documents\studies\Masters\practical generative ai for images and audio\project\project_implementation\Synthetic Stress Testing for Skyborne Drone Identification\data\processed\backgrounds_sky_approved\images\Places365_val_00001374.jpg,Places365_val_00001374.jpg,60,near,10,mild,normal,day,medium,[],,"[[74, 207, 60, 15]]","[""airplane_TF_PLANE_1402""]",distractor:airplane:airplane_TF_PLANE_1402,"[74, 207, 60, 15]",airplane_TF_PLANE_1402,686,,,,686,Places365_val_00001374,sky_with_natural_landscape,False,,,,,,,True,airplane,airplane_TF_PLANE_1402,74.0,207.0,60.0,15.0,60.0,10,mild,3,C:\Users\micha\Documents\studies\Masters\practical generative ai for images and audio\project\project_implementation\Synthetic Stress Testing for Skyborne Drone Identification\data\synthetic\full_curated_v1\images\img_000645.png,C:\Users\micha\Documents\studies\Masters\practical generative ai for images and audio\project\project_implementation\Synthetic Stress Testing for Skyborne Drone Identification\data\synthetic\full_curated_v1\labels\img_000645.txt,upper_sky,0.05,0.95,0.03,0.55,,,104.0,214.5,,1,train
img_001511.png,full_curated_v1,synthetic_distractor_only,False,none,"[""airplane""]",manual_curated,processed,sky_with_natural_landscape,C:\Users\micha\Documents\studies\Masters\practical generative ai for images and audio\project\project_implementation\Synthetic Stress Testing for Skyborne Drone Identification\data\processed\backgrounds_sky_approved\images\Places365_val_00000453.jpg,Places365_val_00000453.jpg,100,near,10,none,normal,day,easy,[],,"[[272, 298, 100, 78]]","[""airplane_000000167540""]",distractor:airplane:airplane_000000167540,"[272, 298, 100, 78]",airplane_000000167540,1552,,,,1552,Places365_val_00000453,sky_with_natural_landscape,False,,,,,,,True,airplane,airplane_000000167540,272.0,298.0,100.0,78.0,100.0,10,none,0,C:\Users\micha\Documents\studies\Masters\practical generative ai for images and audio\project\project_implementation\Synthetic Stress Testing for Skyborne Drone Identification\data\synthetic\full_curated_v1\images\img_001511.png,C:\Users\micha\Documents\studies\Masters\practical generative ai for images and audio\project\project_implementation\Synthetic Stress Testing for Skyborne Drone Identification\data\synthetic\full_curated_v1\labels\img_001511.txt,upper_sky,0.05,0.95,0.03,0.55,,,322.0,337.0,,1,train
img_003154.png,full_curated_v1,synthetic_distractor_only,False,none,"[""airplane""]",manual_curated,processed,cloudy_sky,C:\Users\micha\Documents\studies\Masters\practical generative ai for images and audio\project\project_implementation\Synthetic Stress Testing for Skyborne Drone Identification\data\processed\backgrounds_sky_approved\images\Places365_val_00000803.jpg,Places365_val_00000803.jpg,60,near,20,none,normal,day,medium,[],,"[[158, 40, 60, 22]]","[""airplane_images (14)""]",distractor:airplane:airplane_images (14),"[158, 40, 60, 22]",airplane_images (14),3195,,,,3195,Places365_val_00000803,cloudy_sky,False,,,,,,,True,airplane,airplane_images (14),158.0,40.0,60.0,22.0,60.0,20,none,0,C:\Users\micha\Documents\studies\Masters\practical generative ai for images and audio\project\project_implementation\Synthetic Stress Testing for Skyborne Drone Identification\data\synthetic\full_curated_v1\images\img_003154.png,C:\Users\micha\Documents\studies\Masters\practical generative ai for images and audio\project\project_implementation\Synthetic Stress Testing for Skyborne Drone Identification\data\synthetic\full_curated_v1\labels\img_003154.txt,upper_sky,0.05,0.95,0.03,0.55,,,188.0,51.0,,1,train
img_002457.png,full_curated_v1,synthetic_distractor_only,False,none,"[""airplane""]",manual_curated,processed,sky_with_natural_landscape,C:\Users\micha\Documents\studies\Masters\practical generative ai for images and audio\project\project_implementation\Synthetic Stress Testing for Skyborne Drone Identification\data\processed\backgrounds_sky_approved\images\Places365_val_00000658.jpg,Places365_val_00000658.jpg,15,far,0,mild,normal,day,medium,[],,"[[151, 64, 15, 4]]","[""airplane_TF_PLANE_2485""]",distractor:airplane:airplane_TF_PLANE_2485,"[151, 64, 15, 4]",airplane_TF_PLANE_2485,2498,,,,2498,Places365_val_00000658,sky_with_natural_landscape,False,,,,,,,True,airplane,airplane_TF_PLANE_2485,151.0,64.0,15.0,4.0,15.0,0,mild,3,C:\Users\micha\Documents\studies\Masters\practical generative ai for images and audio\project\project_implementation\Synthetic Stress Testing for Skyborne Drone Identification\data\synthetic\full_curated_v1\images\img_002457.png,C:\Users\micha\Documents\studies\Masters\practical generative ai for images and audio\project\project_implementation\Synthetic Stress Testing for Skyborne Drone Identification\data\synthetic\full_curated_v1\labels\img_002457.txt,upper_sky,0.05,0.95,0.03,0.55,,,158.5,66.0,,1,train
img_000890.png,full_curated_v1,synthetic_distractor_only,False,none,"[""airplane""]",manual_curated,processed,cloudy_sky,C:\Users\micha\Documents\studies\Masters\practical generative ai for images and audio\project\project_implementation\Synthetic Stress Testing for Skyborne Drone Identification\data\processed\backgrounds_sky_approved\images\Places365_val_00001296.jpg,Places365_val_00001296.jpg,100,near,10,none,normal,day,easy,[],,"[[457, 122, 100, 35]]","[""airplane_TF_PLANE_2650""]",distractor:airplane:airplane_TF_PLANE_2650,"[457, 122, 100, 35]",airplane_TF_PLANE_2650,931,,,,931,Places365_val_00001296,cloudy_sky,False,,,,,,,True,airplane,airplane_TF_PLANE_2650,457.0,122.0,100.0,35.0,100.0,10,none,0,C:\Users\micha\Documents\studies\Masters\practical generative ai for images and audio\project\project_implementation\Synthetic Stress Testing for Skyborne Drone Identification\data\synthetic\full_curated_v1\images\img_000890.png,C:\Users\micha\Documents\studies\Masters\practical generative ai for images and audio\project\project_implementation\Synthetic Stress Testing for Skyborne Drone Identification\data\synthetic\full_curated_v1\labels\img_000890.txt,upper_sky,0.05,0.95,0.03,0.55,,,507.0,139.5,,1,train
img_003576.png,full_curated_v1,synthetic_distractor_only,False,none,"[""airplane""]",manual_curated,processed,cloudy_sky,C:\Users\micha\Documents\studies\Masters\practical generative ai for images and audio\project\project_implementation\Synthetic Stress Testing for Skyborne Drone Identification\data\processed\backgrounds_sky_approved\images\Places365_val_00000417.jpg,Places365_val_00000417.jpg,100,near,10,none,normal,day,easy,[],,"[[382, 131, 100, 78]]","[""airplane_000000379453""]",distractor:airplane:airplane_000000379453,"[382, 131, 100, 78]",airplane_000000379453,3617,,,,3617,Places365_val_00000417,cloudy_sky,False,,,,,,,True,airplane,airplane_000000379453,382.0,131.0,100.0,78.0,100.0,10,none,0,C:\Users\micha\Documents\studies\Masters\practical generative ai for images and audio\project\project_implementation\Synthetic Stress Testing for Skyborne Drone Identification\data\synthetic\full_curated_v1\images\img_003576.png,C:\Users\micha\Documents\studies\Masters\practical generative ai for images and audio\project\project_implementation\Synthetic Stress Testing for Skyborne Drone Identification\data\synthetic\full_curated_v1\labels\img_003576.txt,upper_sky,0.05,0.95,0.03,0.55,,,432.0,170.0,,1,train
img_000444.png,full_curated_v1,synthetic_distractor_only,False,none,"[""bird""]",manual_curated,processed,sky_with_natural_landscape,C:\Users\micha\Documents\studies\Masters\practical generative ai for images and audio\project\project_implementation\Synthetic Stress Testing for Skyborne Drone Identification\data\processed\backgrounds_sky_approved\images\Places365_val_00000391.jpg,Places365_val_00000391.jpg,15,far,10,mild,normal,day,hard,[],,"[[185, 260, 15, 13]]","[""bird_BirdsFlying_27_jpg.rf.4819331860da43937625117f4ee7b9fc""]",distractor:bird:bird_BirdsFlying_27_jpg.rf.4819331860da43937625117f4ee7b9fc,"[185, 260, 15, 13]",bird_BirdsFlying_27_jpg.rf.4819331860da43937625117f4ee7b9fc,485,,,,485,Places365_val_00000391,sky_with_natural_landscape,False,,,,,,,True,bird,bird_BirdsFlying_27_jpg.rf.4819331860da43937625117f4ee7b9fc,185.0,260.0,15.0,13.0,15.0,10,mild,3,C:\Users\micha\Documents\studies\Masters\practical generative ai for images and audio\project\project_implementation\Synthetic Stress Testing for Skyborne Drone Identification\data\synthetic\full_curated_v1\images\img_000444.png,C:\Users\micha\Documents\studies\Masters\practical generative ai for images and audio\project\project_implementation\Synthetic Stress Testing for Skyborne Drone Identification\data\synthetic\full_curated_v1\labels\img_000444.txt,upper_sky,0.05,0.95,0.03,0.55,,,192.5,266.5,,1,train
img_000440.png,full_curated_v1,synthetic_distractor_only,False,none,"[""airplane""]",manual_curated,processed,clear_upper_sky,C:\Users\micha\Documents\studies\Masters\practical generative ai for images and audio\project\project_implementation\Synthetic Stress Testing for Skyborne Drone Identification\data\processed\backgrounds_sky_approved\images\Places365_val_00001404.jpg,Places365_val_00001404.jpg,100,near,0,mild,normal,day,easy,[],,"[[480, 165, 100, 46]]","[""airplane_images (21)""]",distractor:airplane:airplane_images (21),"[480, 165, 100, 46]",airplane_images (21),481,,,,481,Places365_val_00001404,clear_upper_sky,False,,,,,,,True,airplane,airplane_images (21),480.0,165.0,100.0,46.0,100.0,0,mild,3,C:\Users\micha\Documents\studies\Masters\practical generative ai for images and audio\project\project_implementation\Synthetic Stress Testing for Skyborne Drone Identification\data\synthetic\full_curated_v1\images\img_000440.png,C:\Users\micha\Documents\studies\Masters\practical generative ai for images and audio\project\project_implementation\Synthetic Stress Testing for Skyborne Drone Identification\data\synthetic\full_curated_v1\labels\img_000440.txt,upper_sky,0.05,0.95,0.03,0.55,,,530.0,188.0,,1,train
img_002956.png,full_curated_v1,synthetic_distractor_only,False,none,"[""airplane""]",manual_curated,processed,cloudy_sky,C:\Users\micha\Documents\studies\Masters\practical generative ai for images and audio\project\project_implementation\Synthetic Stress Testing for Skyborne Drone Identification\data\processed\backgrounds_sky_approved\images\Places365_val_00000230.jpg,Places365_val_00000230.jpg,30,mid,20,mild,normal,day,hard,[],,"[[371, 297, 30, 6]]","[""airplane_000000383621""]",distractor:airplane:airplane_000000383621,"[371, 297, 30, 6]",airplane_000000383621,2997,,,,2997,Places365_val_00000230,cloudy_sky,False,,,,,,,True,airplane,airplane_000000383621,371.0,297.0,30.0,6.0,30.0,20,mild,3,C:\Users\micha\Documents\studies\Masters\practical generative ai for images and audio\project\project_implementation\Synthetic Stress Testing for Skyborne Drone Identification\data\synthetic\full_curated_v1\images\img_002956.png,C:\Users\micha\Documents\studies\Masters\practical generative ai for images and audio\project\project_implementation\Synthetic Stress Testing for Skyborne Drone Identification\data\synthetic\full_curated_v1\labels\img_002956.txt,upper_sky,0.05,0.95,0.03,0.55,,,386.0,300.0,,1,train
img_000027.png,full_curated_v1,synthetic_distractor_only,False,none,"[""bird""]",manual_curated,processed,sky_with_natural_landscape,C:\Users\micha\Documents\studies\Masters\practical generative ai for images and audio\project\project_implementation\Synthetic Stress Testing for Skyborne Drone Identification\data\processed\backgrounds_sky_approved\images\Places365_val_00001308.jpg,Places365_val_00001308.jpg,8,very_far,0,mild,normal,day,medium,[],,"[[278, 237, 7, 8]]","[""bird_BirdsFlying_152_jpg.rf.6299613046e1b225d8d3e8a3e9537047""]",distractor:bird:bird_BirdsFlying_152_jpg.rf.6299613046e1b225d8d3e8a3e9537047,"[278, 237, 7, 8]",bird_BirdsFlying_152_jpg.rf.6299613046e1b225d8d3e8a3e9537047,68,,,,68,Places365_val_00001308,sky_with_natural_landscape,False,,,,,,,True,bird,bird_BirdsFlying_152_jpg.rf.6299613046e1b225d8d3e8a3e9537047,278.0,237.0,7.0,8.0,8.0,0,mild,3,C:\Users\micha\Documents\studies\Masters\practical generative ai for images and audio\project\project_implementation\Synthetic Stress Testing for Skyborne Drone Identification\data\synthetic\full_curated_v1\images\img_000027.png,C:\Users\micha\Documents\studies\Masters\practical generative ai for images and audio\project\project_implementation\Synthetic Stress Testing for Skyborne Drone Identification\data\synthetic\full_curated_v1\labels\img_000027.txt,upper_sky,0.05,0.95,0.03,0.55,,,281.5,241.0,,1,train
img_001299.png,full_curated_v1,synthetic_distractor_only,False,none,"[""bird""]",manual_curated,processed,sky_with_natural_landscape,C:\Users\micha\Documents\studies\Masters\practical generative ai for images and audio\project\project_implementation\Synthetic Stress Testing for Skyborne Drone Identification\data\processed\backgrounds_sky_approved\images\Places365_val_00001051.jpg,Places365_val_00001051.jpg,15,far,0,mild,normal,day,medium,[],,"[[30, 69, 15, 11]]","[""bird_53_jpeg_jpg.rf.73ae7443fc03c7ad7a7549f9264c0c22""]",distractor:bird:bird_53_jpeg_jpg.rf.73ae7443fc03c7ad7a7549f9264c0c22,"[30, 69, 15, 11]",bird_53_jpeg_jpg.rf.73ae7443fc03c7ad7a7549f9264c0c22,1340,,,,1340,Places365_val_00001051,sky_with_natural_landscape,False,,,,,,,True,bird,bird_53_jpeg_jpg.rf.73ae7443fc03c7ad7a7549f9264c0c22,30.0,69.0,15.0,11.0,15.0,0,mild,3,C:\Users\micha\Documents\studies\Masters\practical generative ai for images and audio\project\project_implementation\Synthetic Stress Testing for Skyborne Drone Identification\data\synthetic\full_curated_v1\images\img_001299.png,C:\Users\micha\Documents\studies\Masters\practical generative ai for images and audio\project\project_implementation\Synthetic Stress Testing for Skyborne Drone Identification\data\synthetic\full_curated_v1\labels\img_001299.txt,upper_sky,0.05,0.95,0.03,0.55,,,37.5,74.5,,1,train
img_000603.png,full_curated_v1,synthetic_distractor_only,False,none,"[""airplane""]",manual_curated,processed,clear_upper_sky,C:\Users\micha\Documents\studies\Masters\practical generative ai for images and audio\project\project_implementation\Synthetic Stress Testing for Skyborne Drone Identification\data\processed\backgrounds_sky_approved\images\Places365_val_00001404.jpg,Places365_val_00001404.jpg,60,near,20,mild,normal,day,medium,[],,"[[116, 325, 60, 18]]","[""airplane_TF_PLANE_359""]",distractor:airplane:airplane_TF_PLANE_359,"[116, 325, 60, 18]",airplane_TF_PLANE_359,644,,,,644,Places365_val_00001404,clear_upper_sky,False,,,,,,,True,airplane,airplane_TF_PLANE_359,116.0,325.0,60.0,18.0,60.0,20,mild,3,C:\Users\micha\Documents\studies\Masters\practical generative ai for images and audio\project\project_implementation\Synthetic Stress Testing for Skyborne Drone Identification\data\synthetic\full_curated_v1\images\img_000603.png,C:\Users\micha\Documents\studies\Masters\practical generative ai for images and audio\project\project_implementation\Synthetic Stress Testing for Skyborne Drone Identification\data\synthetic\full_curated_v1\labels\img_000603.txt,upper_sky,0.05,0.95,0.03,0.55,,,146.0,334.0,,1,train
img_000316.png,full_curated_v1,synthetic_distractor_only,False,none,"[""airplane""]",manual_curated,processed,clear_upper_sky,C:\Users\micha\Documents\studies\Masters\practical generative ai for images and audio\project\project_implementation\Synthetic Stress Testing for Skyborne Drone Identification\data\processed\backgrounds_sky_approved\images\Places365_val_00000766.jpg,Places365_val_00000766.jpg,60,near,0,none,normal,day,easy,[],,"[[169, 133, 60, 19]]","[""airplane_images (11)""]",distractor:airplane:airplane_images (11),"[169, 133, 60, 19]",airplane_images (11),357,,,,357,Places365_val_00000766,clear_upper_sky,False,,,,,,,True,airplane,airplane_images (11),169.0,133.0,60.0,19.0,60.0,0,none,0,C:\Users\micha\Documents\studies\Masters\practical generative ai for images and audio\project\project_implementation\Synthetic Stress Testing for Skyborne Drone Identification\data\synthetic\full_curated_v1\images\img_000316.png,C:\Users\micha\Documents\studies\Masters\practical generative ai for images and audio\project\project_implementation\Synthetic Stress Testing for Skyborne Drone Identification\data\synthetic\full_curated_v1\labels\img_000316.txt,upper_sky,0.05,0.95,0.03,0.55,,,199.0,142.5,,1,train
img_001237.png,full_curated_v1,synthetic_distractor_only,False,none,"[""airplane""]",manual_curated,processed,sky_with_built_environment,C:\Users\micha\Documents\studies\Masters\practical generative ai for images and audio\project\project_implementation\Synthetic Stress Testing for Skyborne Drone Identification\data\processed\backgrounds_sky_approved\images\Places365_val_00000289.jpg,Places365_val_00000289.jpg,15,far,0,none,normal,day,medium,[],,"[[589, 247, 15, 5]]","[""airplane_images (27)""]",distractor:airplane:airplane_images (27),"[589, 247, 15, 5]",airplane_images (27),1278,,,,1278,Places365_val_00000289,sky_with_built_environment,False,,,,,,,True,airplane,airplane_images (27),589.0,247.0,15.0,5.0,15.0,0,none,0,C:\Users\micha\Documents\studies\Masters\practical generative ai for images and audio\project\project_implementation\Synthetic Stress Testing for Skyborne Drone Identification\data\synthetic\full_curated_v1\images\img_001237.png,C:\Users\micha\Documents\studies\Masters\practical generative ai for images and audio\project\project_implementation\Synthetic Stress Testing for Skyborne Drone Identification\data\synthetic\full_curated_v1\labels\img_001237.txt,upper_sky,0.05,0.95,0.03,0.55,,,596.5,249.5,,1,train
img_000315.png,full_curated_v1,synthetic_distractor_only,False,none,"[""bird""]",manual_curated,processed,sky_with_natural_landscape,C:\Users\micha\Documents\studies\Masters\practical generative ai for images and audio\project\project_implementation\Synthetic Stress Testing for Skyborne Drone Identification\data\processed\backgrounds_sky_approved\images\Places365_val_00001071.jpg,Places365_val_00001071.jpg,8,very_far,10,mild,normal,day,hard,[],,"[[288, 226, 8, 5]]","[""bird_bbb-42-_png_jpg.rf.2b5565f2823ccede6e529c80f6bb7572""]",distractor:bird:bird_bbb-42-_png_jpg.rf.2b5565f2823ccede6e529c80f6bb7572,"[288, 226, 8, 5]",bird_bbb-42-_png_jpg.rf.2b5565f2823ccede6e529c80f6bb7572,356,,,,356,Places365_val_00001071,sky_with_natural_landscape,False,,,,,,,True,bird,bird_bbb-42-_png_jpg.rf.2b5565f2823ccede6e529c80f6bb7572,288.0,226.0,8.0,5.0,8.0,10,mild,3,C:\Users\micha\Documents\studies\Masters\practical generative ai for images and audio\project\project_implementation\Synthetic Stress Testing for Skyborne Drone Identification\data\synthetic\full_curated_v1\images\img_000315.png,C:\Users\micha\Documents\studies\Masters\practical generative ai for images and audio\project\project_implementation\Synthetic Stress Testing for Skyborne Drone Identification\data\synthetic\full_curated_v1\labels\img_000315.txt,upper_sky,0.05,0.95,0.03,0.55,,,292.0,228.5,,1,train
img_001058.png,full_curated_v1,synthetic_distractor_only,False,none,"[""bird""]",manual_curated,processed,sky_with_built_environment,C:\Users\micha\Documents\studies\Masters\practical generative ai for images and audio\project\project_implementation\Synthetic Stress Testing for Skyborne Drone Identification\data\processed\backgrounds_sky_approved\images\Places365_val_00000963.jpg,Places365_val_00000963.jpg,15,far,0,mild,normal,day,medium,[],,"[[198, 264, 15, 7]]","[""bird_52_jpeg_jpg.rf.97cc129e626e11def7178740b54581e2""]",distractor:bird:bird_52_jpeg_jpg.rf.97cc129e626e11def7178740b54581e2,"[198, 264, 15, 7]",bird_52_jpeg_jpg.rf.97cc129e626e11def7178740b54581e2,1099,,,,1099,Places365_val_00000963,sky_with_built_environment,False,,,,,,,True,bird,bird_52_jpeg_jpg.rf.97cc129e626e11def7178740b54581e2,198.0,264.0,15.0,7.0,15.0,0,mild,3,C:\Users\micha\Documents\studies\Masters\practical generative ai for images and audio\project\project_implementation\Synthetic Stress Testing for Skyborne Drone Identification\data\synthetic\full_curated_v1\images\img_001058.png,C:\Users\micha\Documents\studies\Masters\practical generative ai for images and audio\project\project_implementation\Synthetic Stress Testing for Skyborne Drone Identification\data\synthetic\full_curated_v1\labels\img_001058.txt,upper_sky,0.05,0.95,0.03,0.55,,,205.5,267.5,,1,val
img_000412.png,full_curated_v1,synthetic_distractor_only,False,none,"[""airplane""]",manual_curated,processed,sky_with_natural_landscape,C:\Users\micha\Documents\studies\Masters\practical generative ai for images and audio\project\project_implementation\Synthetic Stress Testing for Skyborne Drone Identification\data\processed\backgrounds_sky_approved\images\Places365_val_00000578.jpg,Places365_val_00000578.jpg,100,near,20,none,normal,day,medium,[],,"[[502, 205, 100, 26]]","[""airplane_TF_PLANE_5063""]",distractor:airplane:airplane_TF_PLANE_5063,"[502, 205, 100, 26]",airplane_TF_PLANE_5063,453,,,,453,Places365_val_00000578,sky_with_natural_landscape,False,,,,,,,True,airplane,airplane_TF_PLANE_5063,502.0,205.0,100.0,26.0,100.0,20,none,0,C:\Users\micha\Documents\studies\Masters\practical generative ai for images and audio\project\project_implementation\Synthetic Stress Testing for Skyborne Drone Identification\data\synthetic\full_curated_v1\images\img_000412.png,C:\Users\micha\Documents\studies\Masters\practical generative ai for images and audio\project\project_implementation\Synthetic Stress Testing for Skyborne Drone Identification\data\synthetic\full_curated_v1\labels\img_000412.txt,upper_sky,0.05,0.95,0.03,0.55,,,552.0,218.0,,1,val
img_000803.png,full_curated_v1,synthetic_distractor_only,False,none,"[""airplane""]",manual_curated,processed,sky_with_natural_landscape,C:\Users\micha\Documents\studies\Masters\practical generative ai for images and audio\project\project_implementation\Synthetic Stress Testing for Skyborne Drone Identification\data\processed\backgrounds_sky_approved\images\Places365_val_00001374.jpg,Places365_val_00001374.jpg,30,mid,0,none,normal,day,easy,[],,"[[293, 268, 30, 22]]","[""airplane_images (16)""]",distractor:airplane:airplane_images (16),"[293, 268, 30, 22]",airplane_images (16),844,,,,844,Places365_val_00001374,sky_with_natural_landscape,False,,,,,,,True,airplane,airplane_images (16),293.0,268.0,30.0,22.0,30.0,0,none,0,C:\Users\micha\Documents\studies\Masters\practical generative ai for images and audio\project\project_implementation\Synthetic Stress Testing for Skyborne Drone Identification\data\synthetic\full_curated_v1\images\img_000803.png,C:\Users\micha\Documents\studies\Masters\practical generative ai for images and audio\project\project_implementation\Synthetic Stress Testing for Skyborne Drone Identification\data\synthetic\full_curated_v1\labels\img_000803.txt,upper_sky,0.05,0.95,0.03,0.55,,,308.0,279.0,,1,val
